CountryId,CountryName
AD,Andorra
AE,United Arab Emirates
AF,Afghanistan
AG,Antigua & Barbuda
AI,Anguilla
AL,Albania
AM,Armenia
AO,Angola
AQ,Antarctica
AR,Argentina
AS,American Samoa
AT,Austria
AU,Australia
AW,Aruba
AZ,Azerbaijan
BA,Bosnia & Herzegovina
BB,Barbados
BD,Bangladesh
BE,Belgium
BF,Burkina Faso
BG,Bulgaria
BH,Bahrain
BI,Burundi
BJ,Benin
BM,Bermuda
BN,Brunei
BO,Bolivia
BQ,"Bonaire, Sint Eustatius and Saba"
BR,Brazil
BS,Bahamas
BT,Bhutan
BV,Bouvet Island
BW,Botswana
BY,Belarus
BZ,Belize
CA,Canada
CC,Cocos Islands
CD,Congo (Democratic Republic)
CF,Central African Republic
CG,Congo (Republic)
CH,Switzerland
CI,Ivory Coast
CK,Cook Islands
CL,Chile
CM,Cameroon
CN,China
CO,Colombia
CR,Costa Rica
CU,Cuba
CV,Cape Verde
CW,Curacao
CX,Christmas Island
CY,Cyprus
CZ,Czech Republic
DE,Germany
DJ,Djibouti
DK,Denmark
DM,Dominica
DO,Dominican Republic
DZ,Algeria
EC,Ecuador
EE,Estonia
EG,Egypt
ER,Eritrea
ES,Spain
ET,Ethiopia
FI,Finland
FJ,Fiji
FK,Falkland Islands
FM,Micronesia
FO,Faroe Islands
FR,France
GA,Gabon
GD,Grenada
GE,Georgia
GH,Ghana
GI,Gibraltar
GL,Greenland
GM,Gambia
GN,Guinea
GQ,Equatorial Guinea
GR,Greece
GS,South Georgia
GT,Guatemala
GU,Guam
GW,Guinea Bissau
GY,Guyana
HK,Hong Kong
HM,Heard & McDonald Islands
HN,Honduras
HR,Croatia
HT,Haiti
HU,Hungary
ID,Indonesia
IE,Ireland
IL,Israel
IN,India
IO,British Indian Ocean Territory
IQ,Iraq
IR,Iran
IS,Iceland
IT,Italy
JE,Jersey
JM,Jamaica
JO,Jordan
JP,Japan
KE,Kenya
KG,Kyrgyz Republic
KH,Cambodia
KI,Kiribati
KM,Comoros
KN,St Kitts & Nevis
KP,North Korea
KR,South Korea
KW,Kuwait
KY,Cayman Islands
KZ,Kazakhstan
LA,Laos
LB,Lebanon
LC,St Lucia
LI,Liechtenstein
LK,Sri Lanka
LR,Liberia
LS,Lesotho
LT,Lithuania
LU,Luxembourg
LV,Latvia
LY,Libya
MA,Morocco
MD,Moldova
ME,Montenegro
MG,Madagascar
MH,Marshall Islands
MK,FYR Macedonia
ML,Mali
MM,Myanmar
MN,Mongolia
MO,Macao
MP,Northern Mariana Islands
MR,Mauritania
MS,Montserrat
MT,Malta
MU,Mauritius
MV,Maldives
MW,Malawi
MX,Mexico
MY,Malaysia
MZ,Mozambique
NA,Namibia
NC,New Caledonia
NE,Niger
NF,Norfolk Island
NG,Nigeria
NI,Nicaragua
NL,Netherlands
NO,Norway
NP,Nepal
NR,Nauru
NU,Niue Island
NZ,New Zealand
OM,Oman
PA,Panama
PE,Peru
PF,French Polynesia
PG,Papua New Guinea
PH,Philippines
PK,Pakistan
PL,Poland
PN,Pitcairn
PS,Occupied Palestinian Territory
PT,Portugal
PW,Palau
PY,Paraguay
QA,Qatar
RO,Romania
RS,Serbia
RU,Russia
RW,Rwanda
SA,Saudi Arabia
SB,Solomon Islands
SC,Seychelles
SD,Sudan
SE,Sweden
SG,Singapore
SH,St. Helena
SI,Slovenia
SK,Slovakia
SL,Sierra Leone
SM,San Marino
SN,Senegal
SO,Somalia
SR,Suriname
SS,South Sudan
ST,Sao Tome & Principe
SV,El Salvador
SX,Sint Maarten
SY,Syria
SZ,Swaziland
TC,Turks & Caicos Islands
TD,Chad
TF,French Southern Territories
TG,Togo
TH,Thailand
TJ,Tajikistan
TK,Tokelau Islands
TL,East Timor
TM,Turkmenistan
TN,Tunisia
TO,Tonga
TR,Turkey
TT,Trinidad & Tobago
TV,Tuvalu
TW,Taiwan
TZ,Tanzania
UA,Ukraine
UG,Uganda
UM,US Minor Outlying Islands
US,United States
UY,Uruguay
UZ,Uzbekistan
VA,Vatican City
VC,St Vincent
VE,Venezuela
VG,British Virgin Islands
VI,US Virgin Islands
VN,Vietnam
VU,Vanuatu
WF,Wallis & Futuna
WS,Samoa
XK,Kosovo
YE,Yemen
ZA,South Africa
ZM,Zambia
ZW,Zimbabwe
W1,Whole World